transaction_type,customer_id,customer_id_2,amount,timestamp
DepositChecking,18,,367.9705592571621,1760206113.691624
WriteCheck,76,,61.611296516784805,1760206113.6916301
Balance,91,,0.0,1760206113.691632
WriteCheck,23,,36.83991183965073,1760206113.691634
SendPayment,54,361,100.49363595143144,1760206113.691637
Balance,9,,0.0,1760206113.691638
SendPayment,21,861,421.7824732731752,1760206113.6916401
WriteCheck,48,,75.85008279381823,1760206113.691642
WriteCheck,13,,15.69469688905596,1760206113.6916428
WriteCheck,87,,137.43001829828313,1760206113.691645
DepositChecking,80,,932.5995609888803,1760206113.6916459
TransactSavings,65,,16.639851982020446,1760206113.691647
TransactSavings,66,,799.2884455716751,1760206113.691648
SendPayment,50,370,165.83217312397915,1760206113.6916502
SendPayment,17,180,227.54114265978168,1760206113.691651
SendPayment,83,609,27.808432518355993,1760206113.691654
WriteCheck,79,,122.653291096493,1760206113.6916559
Balance,902,,0.0,1760206113.691657
SendPayment,79,762,368.2700506986736,1760206113.691659
TransactSavings,43,,941.3705242375131,1760206113.69166
Balance,737,,0.0,1760206113.6916611
DepositChecking,71,,697.6194973990036,1760206113.691662
SendPayment,28,148,250.1516958654191,1760206113.691663
TransactSavings,77,,798.5602702321705,1760206113.691664
SendPayment,3,446,271.5155119037478,1760206113.691666
Balance,17,,0.0,1760206113.6916668
SendPayment,27,425,187.39911681330113,1760206113.691668
Balance,3,,0.0,1760206113.691669
DepositChecking,82,,712.4094114515128,1760206113.69167
DepositChecking,25,,285.3491189339595,1760206113.6916711
DepositChecking,62,,587.7459299852648,1760206113.691672
WriteCheck,52,,128.71461923115822,1760206113.691673
TransactSavings,2,,-134.27198895161035,1760206113.691674
SendPayment,28,304,252.83867520616707,1760206113.691676
Amalgamate,39,725,0.0,1760206113.691678
Balance,4,,0.0,1760206113.691679
SendPayment,325,657,389.8438368212179,1760206113.691681
TransactSavings,487,,-122.06118971826777,1760206113.691682
TransactSavings,20,,944.9485180933568,1760206113.691683
DepositChecking,65,,688.6189965062217,1760206113.691684
Balance,31,,0.0,1760206113.6916852
TransactSavings,80,,27.024873613781892,1760206113.691686
DepositChecking,94,,585.1520692587867,1760206113.6916869
DepositChecking,89,,156.83911735187073,1760206113.6916878
WriteCheck,40,,19.30864511782402,1760206113.691689
WriteCheck,54,,170.42150734379055,1760206113.69169
Balance,95,,0.0,1760206113.691691
WriteCheck,82,,164.26210447350607,1760206113.691692
WriteCheck,84,,149.37250674956564,1760206113.691693
TransactSavings,55,,-230.15497366047202,1760206113.6916952
WriteCheck,703,,33.162975807447424,1760206113.6916962
DepositChecking,80,,250.76056553037327,1760206113.691697
SendPayment,47,162,346.0626158475021,1760206113.6916978
SendPayment,69,142,27.81963700407666,1760206113.6917
WriteCheck,20,,172.80626153086624,1760206113.691701
Balance,24,,0.0,1760206113.6917021
SendPayment,43,343,374.9047892382075,1760206113.691703
DepositChecking,18,,777.2732084522565,1760206113.691704
WriteCheck,32,,196.97319734571255,1760206113.6917062
SendPayment,51,355,392.5771992991791,1760206113.691707
SendPayment,145,137,427.23568095652934,1760206113.6917078
TransactSavings,14,,814.4489175564081,1760206113.69171
Amalgamate,66,461,0.0,1760206113.691711
DepositChecking,19,,338.0759719283883,1760206113.691712
Amalgamate,5,1,0.0,1760206113.691713
Balance,54,,0.0,1760206113.691714
WriteCheck,95,,18.011004565827356,1760206113.691715
TransactSavings,32,,326.1126354287785,1760206113.6917162
TransactSavings,100,,161.60704519889964,1760206113.6917171
WriteCheck,71,,121.27066267434986,1760206113.6917179
DepositChecking,43,,360.41463926149635,1760206113.6917188
Balance,7,,0.0,1760206113.69172
TransactSavings,149,,-437.4145381240733,1760206113.691721
TransactSavings,640,,760.3060527323246,1760206113.691722
SendPayment,58,304,450.14857905330064,1760206113.691724
Balance,73,,0.0,1760206113.691725
Balance,85,,0.0,1760206113.691725
TransactSavings,73,,-359.0324590807058,1760206113.6917272
Amalgamate,446,283,0.0,1760206113.6917279
Amalgamate,7,295,0.0,1760206113.6917288
Balance,42,,0.0,1760206113.69173
DepositChecking,95,,208.23774958230717,1760206113.691731
Balance,83,,0.0,1760206113.691732
WriteCheck,73,,97.74788123151889,1760206113.691733
Balance,23,,0.0,1760206113.691734
SendPayment,68,533,216.80429179227147,1760206113.691735
TransactSavings,35,,-291.3325952256419,1760206113.691736
SendPayment,27,717,139.40437996565103,1760206113.6917372
Balance,53,,0.0,1760206113.6917381
SendPayment,36,198,150.32338451054898,1760206113.6917398
Balance,36,,0.0,1760206113.691741
Balance,99,,0.0,1760206113.691741
SendPayment,93,187,26.74131687724311,1760206113.691743
SendPayment,84,731,65.17769882216639,1760206113.691744
Amalgamate,8,806,0.0,1760206113.691746
WriteCheck,17,,35.73740492871951,1760206113.6917472
DepositChecking,35,,425.2494304452847,1760206113.6917481
DepositChecking,103,,280.8973155267063,1760206113.691749
WriteCheck,403,,150.84114310596175,1760206113.6917498
SendPayment,3,111,239.67830046553172,1760206113.691751
Amalgamate,71,836,0.0,1760206113.691752
SendPayment,5,9,170.04963149813068,1760206113.691754
WriteCheck,65,,88.71736842669672,1760206113.691755
Amalgamate,27,636,0.0,1760206113.691756
Balance,88,,0.0,1760206113.691757
WriteCheck,63,,143.53145360021534,1760206113.6917582
Balance,74,,0.0,1760206113.691759
WriteCheck,710,,78.27311920665848,1760206113.69176
TransactSavings,24,,784.428960837342,1760206113.6917608
TransactSavings,26,,62.6229093960161,1760206113.691762
SendPayment,89,546,32.6698070012623,1760206113.6917639
DepositChecking,46,,472.47332072651363,1760206113.691765
SendPayment,94,500,422.62759155184,1760206113.691766
Balance,36,,0.0,1760206113.691767
Balance,68,,0.0,1760206113.691767
DepositChecking,63,,404.9012382273613,1760206113.6917682
Balance,58,,0.0,1760206113.6917691
TransactSavings,12,,989.6139123168721,1760206113.69177
TransactSavings,47,,537.4878310123522,1760206113.6917708
SendPayment,2,877,180.87386703180846,1760206113.691773
SendPayment,50,534,207.466062382085,1760206113.691774
WriteCheck,73,,135.47576363725491,1760206113.691775
DepositChecking,58,,613.5555021924745,1760206113.691776
DepositChecking,67,,536.1459253208512,1760206113.691777
TransactSavings,35,,814.4898013163624,1760206113.691778
TransactSavings,88,,268.0983042793108,1760206113.6917791
SendPayment,96,692,372.3463501030032,1760206113.691781
WriteCheck,81,,42.13984661416039,1760206113.691782
WriteCheck,57,,173.50654488942502,1760206113.691783
SendPayment,91,785,399.5881983271112,1760206113.691784
TransactSavings,749,,899.3861610872088,1760206113.691786
WriteCheck,3,,41.852871919871134,1760206113.691787
WriteCheck,29,,176.24169775420776,1760206113.691788
TransactSavings,77,,79.22095985643625,1760206113.6917892
TransactSavings,10,,98.61978284834834,1760206113.69179
SendPayment,49,327,232.23496321772396,1760206113.691791
Balance,96,,0.0,1760206113.6917918
Balance,65,,0.0,1760206113.691793
SendPayment,44,796,148.87590251347044,1760206113.691794
DepositChecking,44,,734.6420142567567,1760206113.6917949
TransactSavings,19,,158.46697103486554,1760206113.691796
Amalgamate,712,981,0.0,1760206113.691798
SendPayment,35,670,72.98024124293065,1760206113.691799
Balance,75,,0.0,1760206113.6918
Balance,3,,0.0,1760206113.691801
SendPayment,66,980,222.56911089234623,1760206113.691802
WriteCheck,461,,154.7877473133557,1760206113.691803
SendPayment,79,90,419.6341651598583,1760206113.691805
TransactSavings,193,,-185.0998935557708,1760206113.6918058
Balance,69,,0.0,1760206113.691807
DepositChecking,51,,847.8644584257834,1760206113.691808
Amalgamate,239,66,0.0,1760206113.691809
DepositChecking,99,,603.8867032982761,1760206113.6918101
SendPayment,61,350,253.76301887488964,1760206113.691811
TransactSavings,555,,434.5841126271047,1760206113.691812
DepositChecking,100,,941.6907641827733,1760206113.6918132
TransactSavings,539,,481.2041852454795,1760206113.691815
SendPayment,81,369,109.47965030232005,1760206113.6918159
SendPayment,46,426,87.15000984653169,1760206113.691817
Balance,18,,0.0,1760206113.691818
DepositChecking,45,,230.37349231960306,1760206113.691819
SendPayment,87,253,468.724322376531,1760206113.6918201
WriteCheck,43,,166.71215285863133,1760206113.691822
DepositChecking,30,,273.22048136775317,1760206113.691822
TransactSavings,25,,-24.59436400597076,1760206113.691823
SendPayment,21,939,322.9658952114643,1760206113.691825
WriteCheck,62,,77.32550511467933,1760206113.6918259
Balance,95,,0.0,1760206113.691827
Balance,31,,0.0,1760206113.691828
DepositChecking,76,,719.1341715815962,1760206113.691829
DepositChecking,27,,498.54485471011833,1760206113.69183
Balance,4,,0.0,1760206113.69183
DepositChecking,78,,736.2527415406477,1760206113.691831
SendPayment,54,939,375.3994539793698,1760206113.691833
SendPayment,14,410,333.25004901159934,1760206113.6918342
Amalgamate,66,646,0.0,1760206113.691835
Amalgamate,9,2,0.0,1760206113.6918359
SendPayment,8,75,146.72150490010662,1760206113.691838
DepositChecking,23,,398.504271532224,1760206113.691839
DepositChecking,9,,951.6203200549415,1760206113.6918411
SendPayment,99,401,495.2000393224995,1760206113.691842
Balance,90,,0.0,1760206113.691843
SendPayment,36,345,275.25323245825604,1760206113.691844
WriteCheck,677,,114.72981661702542,1760206113.691846
WriteCheck,129,,156.73671512499078,1760206113.6918468
WriteCheck,41,,111.15856618828316,1760206113.691848
Balance,1,,0.0,1760206113.691849
WriteCheck,40,,32.10727406843216,1760206113.69185
DepositChecking,14,,499.2147085501994,1760206113.691851
TransactSavings,22,,-348.94908460978104,1760206113.691852
WriteCheck,56,,86.45423149536485,1760206113.691853
SendPayment,92,955,248.2604684635579,1760206113.691854
WriteCheck,43,,164.59362835872398,1760206113.6918552
TransactSavings,97,,-38.94538522507548,1760206113.691856
WriteCheck,17,,61.818867441885764,1760206113.6918578
SendPayment,1,442,436.26134434883704,1760206113.691859
Amalgamate,62,674,0.0,1760206113.69186
WriteCheck,39,,160.50843188873574,1760206113.691861
SendPayment,66,849,306.3819525932139,1760206113.691862
WriteCheck,95,,54.8361257466974,1760206113.691864
SendPayment,78,647,232.7247311896506,1760206113.6918652
DepositChecking,69,,630.1207358187776,1760206113.6918669
WriteCheck,29,,44.58575667117279,1760206113.6918678
TransactSavings,4,,-405.4798908929692,1760206113.691869
WriteCheck,13,,110.86659235957544,1760206113.69187
TransactSavings,77,,929.4405479810405,1760206113.691871
TransactSavings,40,,613.7913704343273,1760206113.691872
DepositChecking,33,,521.1632148315272,1760206113.691873
Balance,635,,0.0,1760206113.691874
Balance,70,,0.0,1760206113.691875
Amalgamate,96,8,0.0,1760206113.6918762
SendPayment,86,926,368.77362554108237,1760206113.6918771
DepositChecking,51,,173.3539778799269,1760206113.6918778
SendPayment,40,873,455.1758416923678,1760206113.6918788
SendPayment,939,647,115.98823515862759,1760206113.691881
SendPayment,88,897,442.8645381494891,1760206113.691882
SendPayment,70,898,69.01355073748398,1760206113.691883
DepositChecking,41,,255.30534945691716,1760206113.691884
WriteCheck,60,,64.21306000254134,1760206113.6918862
DepositChecking,228,,946.991381163049,1760206113.6918871
WriteCheck,45,,29.951372748388092,1760206113.691888
SendPayment,46,84,151.59821246401083,1760206113.6918888
DepositChecking,247,,178.63647921505665,1760206113.69189
DepositChecking,37,,411.6951219607187,1760206113.691891
SendPayment,62,127,275.7696612346237,1760206113.691892
TransactSavings,100,,247.34629544100528,1760206113.691893
WriteCheck,61,,40.343198022270826,1760206113.691894
TransactSavings,51,,718.800185604437,1760206113.691896
Balance,54,,0.0,1760206113.6918972
DepositChecking,673,,709.301186511591,1760206113.691898
SendPayment,442,746,326.0756504578998,1760206113.6918988
TransactSavings,28,,-24.52472470543529,1760206113.6919
TransactSavings,44,,743.6687262065893,1760206113.691901
SendPayment,84,894,360.784020313766,1760206113.691905
SendPayment,7,744,477.30860674436985,1760206113.691906
TransactSavings,89,,36.540376798914735,1760206113.6919072
DepositChecking,8,,298.6118598503818,1760206113.6919081
SendPayment,54,373,23.29410746679759,1760206113.691909
DepositChecking,43,,950.464835841253,1760206113.6919098
TransactSavings,69,,481.49923807782045,1760206113.691911
SendPayment,21,468,278.54366502207137,1760206113.691913
Balance,54,,0.0,1760206113.691914
Amalgamate,23,849,0.0,1760206113.691915
TransactSavings,90,,151.6853167297254,1760206113.691916
TransactSavings,95,,-379.74735714997126,1760206113.691917
SendPayment,78,762,270.0904905556346,1760206113.6919181
Balance,20,,0.0,1760206113.691919
DepositChecking,276,,490.60209828765176,1760206113.6919198
Amalgamate,37,100,0.0,1760206113.691921
SendPayment,70,731,126.66689709441286,1760206113.691922
DepositChecking,374,,220.46687917210855,1760206113.691923
SendPayment,1,132,291.0131181774588,1760206113.691925
WriteCheck,79,,174.8711311130224,1760206113.691926
DepositChecking,6,,565.399477320183,1760206113.691927
SendPayment,19,36,492.34477333053206,1760206113.6919281
TransactSavings,87,,278.45156536037996,1760206113.691929
TransactSavings,83,,-3.8388997589705127,1760206113.69193
Balance,62,,0.0,1760206113.6919308
TransactSavings,33,,409.73286152326614,1760206113.691932
TransactSavings,40,,942.109663843856,1760206113.691933
DepositChecking,77,,891.2690899054871,1760206113.691935
SendPayment,133,610,103.7681964780238,1760206113.691937
SendPayment,29,571,166.81731627444526,1760206113.6919382
SendPayment,78,276,423.23658591772926,1760206113.691939
DepositChecking,37,,757.493849976485,1760206113.69194
TransactSavings,8,,256.5806404092996,1760206113.691942
TransactSavings,93,,22.639061075149243,1760206113.691943
DepositChecking,16,,21.062033381593526,1760206113.691944
Balance,71,,0.0,1760206113.691944
Amalgamate,17,353,0.0,1760206113.691946
Balance,91,,0.0,1760206113.691947
SendPayment,219,13,487.4742226524324,1760206113.691948
WriteCheck,50,,167.04734577864284,1760206113.6919491
Amalgamate,323,651,0.0,1760206113.69195
DepositChecking,295,,546.6597919123633,1760206113.691951
TransactSavings,34,,578.9461162922173,1760206113.6919522
TransactSavings,19,,312.08873885560547,1760206113.691954
Amalgamate,129,383,0.0,1760206113.6919549
TransactSavings,65,,874.5132514011777,1760206113.691956
SendPayment,47,841,304.53556055115865,1760206113.691957
TransactSavings,92,,-428.0345590027591,1760206113.691958
Amalgamate,210,360,0.0,1760206113.6919591
SendPayment,45,927,311.60463171801786,1760206113.69196
SendPayment,21,466,186.7258344725629,1760206113.691962
WriteCheck,16,,119.11944951068476,1760206113.691963
Balance,203,,0.0,1760206113.691964
SendPayment,69,408,248.30616444301307,1760206113.6919649
SendPayment,82,781,251.23400489346346,1760206113.691966
DepositChecking,24,,928.2731673245942,1760206113.691967
SendPayment,57,522,374.53513399657226,1760206113.691969
TransactSavings,28,,-61.31616533605728,1760206113.69197
WriteCheck,27,,12.306247052479097,1760206113.691971
DepositChecking,33,,479.53090319743563,1760206113.691972
Balance,468,,0.0,1760206113.6919732
Balance,391,,0.0,1760206113.691974
SendPayment,98,904,137.57678614184255,1760206113.6919749
SendPayment,685,921,439.1584643772016,1760206113.691977
WriteCheck,81,,45.21250768218986,1760206113.691978
Balance,2,,0.0,1760206113.691979
WriteCheck,364,,186.50846151952078,1760206113.6919801
WriteCheck,61,,12.643240601746747,1760206113.691981
TransactSavings,80,,-71.23005924380163,1760206113.691982
DepositChecking,54,,359.1609902437544,1760206113.6919832
TransactSavings,30,,28.03453645333002,1760206113.691984
WriteCheck,63,,106.17876274613165,1760206113.691985
DepositChecking,30,,813.0180527705637,1760206113.6919858
WriteCheck,86,,173.6054631041029,1760206113.691987
Amalgamate,79,579,0.0,1760206113.691988
SendPayment,92,899,313.03548673589194,1760206113.69199
TransactSavings,60,,693.0980699564702,1760206113.691991
DepositChecking,813,,615.8218616743794,1760206113.691992
Balance,80,,0.0,1760206113.691993
SendPayment,8,108,294.841572989423,1760206113.6919942
Amalgamate,59,403,0.0,1760206113.691995
Amalgamate,48,470,0.0,1760206113.6919968
Amalgamate,22,869,0.0,1760206113.691998
SendPayment,84,987,349.3229744462917,1760206113.691999
WriteCheck,90,,60.764538511827446,1760206113.692001
SendPayment,16,665,499.4645550285627,1760206113.692002
DepositChecking,712,,705.7974308575369,1760206113.692003
WriteCheck,184,,64.11213500072097,1760206113.6920042
TransactSavings,46,,337.1367292474106,1760206113.6920052
Balance,42,,0.0,1760206113.6920059
WriteCheck,11,,90.37382151736715,1760206113.6920068
TransactSavings,33,,518.4781414273576,1760206113.692009
DepositChecking,12,,879.6816287754103,1760206113.69201
DepositChecking,75,,631.8546404198275,1760206113.692011
Balance,74,,0.0,1760206113.692012
DepositChecking,25,,193.04502267559675,1760206113.692013
Balance,59,,0.0,1760206113.692014
DepositChecking,27,,91.94715551252669,1760206113.6920152
SendPayment,23,66,152.42751376396058,1760206113.6920161
SendPayment,73,336,197.57159669643278,1760206113.6920168
SendPayment,2,864,95.41650306479863,1760206113.692019
SendPayment,88,855,466.2001519949673,1760206113.69202
WriteCheck,8,,68.55294444423376,1760206113.692021
DepositChecking,85,,241.24417742889008,1760206113.692022
WriteCheck,41,,164.23355805429645,1760206113.692023
DepositChecking,50,,990.4918976995724,1760206113.692024
TransactSavings,54,,-263.3829363833464,1760206113.6920252
Amalgamate,36,292,0.0,1760206113.6920261
Balance,29,,0.0,1760206113.6920269
WriteCheck,457,,17.61438202187842,1760206113.6920278
SendPayment,29,233,180.00791473892338,1760206113.69203
Balance,66,,0.0,1760206113.69203
TransactSavings,11,,-366.9610009916968,1760206113.692031
WriteCheck,93,,186.46697486639357,1760206113.692033
WriteCheck,81,,13.567547247280308,1760206113.692034
DepositChecking,100,,846.2397479842464,1760206113.692035
Balance,94,,0.0,1760206113.692035
DepositChecking,35,,527.8649170965623,1760206113.6920362
TransactSavings,99,,961.5332068721875,1760206113.692037
SendPayment,27,685,288.5893220169317,1760206113.692039
Balance,36,,0.0,1760206113.69204
SendPayment,84,164,74.34214448960516,1760206113.692041
TransactSavings,41,,-313.60502387429847,1760206113.692043
Balance,319,,0.0,1760206113.692043
WriteCheck,589,,127.9412489095095,1760206113.692045
DepositChecking,74,,13.466329140133464,1760206113.6920462
SendPayment,72,732,461.6496091238865,1760206113.692047
SendPayment,100,902,233.96194393741075,1760206113.6920478
Amalgamate,63,24,0.0,1760206113.6920488
DepositChecking,84,,36.70921106842552,1760206113.69205
DepositChecking,71,,360.47976714128464,1760206113.692051
DepositChecking,42,,565.0535985634488,1760206113.692052
SendPayment,11,425,379.48756327055486,1760206113.692053
WriteCheck,789,,131.7083081901735,1760206113.692055
Amalgamate,88,856,0.0,1760206113.6920562
SendPayment,10,170,115.08825314500366,1760206113.6920571
SendPayment,407,13,90.76790395023848,1760206113.6920588
SendPayment,100,114,195.58029067972757,1760206113.69206
WriteCheck,87,,128.4265017304606,1760206113.692061
TransactSavings,19,,80.64616371663408,1760206113.692062
TransactSavings,98,,225.96768380003084,1760206113.692063
WriteCheck,38,,107.67438514749834,1760206113.692064
WriteCheck,7,,121.79528050712267,1760206113.692066
TransactSavings,97,,682.6046706789382,1760206113.6920671
Balance,52,,0.0,1760206113.6920671
DepositChecking,1,,465.31528403052187,1760206113.692068
Amalgamate,63,396,0.0,1760206113.692069
Balance,42,,0.0,1760206113.6920698
DepositChecking,5,,403.3499613570039,1760206113.692071
TransactSavings,22,,952.8557236270324,1760206113.692072
TransactSavings,74,,922.0694220144596,1760206113.6920729
TransactSavings,84,,474.50673074993813,1760206113.692074
TransactSavings,21,,306.4309444914037,1760206113.692075
DepositChecking,71,,950.2044615740563,1760206113.692076
DepositChecking,51,,333.3088241587499,1760206113.6920772
WriteCheck,19,,151.55016314132374,1760206113.692079
DepositChecking,100,,846.3417556105543,1760206113.692079
Balance,5,,0.0,1760206113.69208
Balance,50,,0.0,1760206113.692081
DepositChecking,96,,794.8313220430713,1760206113.692082
WriteCheck,42,,109.3479086966161,1760206113.692083
Balance,31,,0.0,1760206113.692084
Balance,18,,0.0,1760206113.692085
Balance,97,,0.0,1760206113.692085
SendPayment,43,505,438.0011410692492,1760206113.692087
TransactSavings,96,,253.6138235938855,1760206113.6920881
Balance,141,,0.0,1760206113.692089
Balance,27,,0.0,1760206113.69209
SendPayment,42,429,177.79579680321572,1760206113.692091
Balance,75,,0.0,1760206113.692092
Balance,43,,0.0,1760206113.692093
DepositChecking,34,,300.46375081733953,1760206113.6920938
SendPayment,43,895,387.5489051148316,1760206113.692095
SendPayment,57,377,189.4298264262097,1760206113.692097
TransactSavings,31,,790.1978712623661,1760206113.6920981
Balance,17,,0.0,1760206113.692099
SendPayment,45,339,466.2397538688287,1760206113.6921
SendPayment,65,824,76.43879403360238,1760206113.692101
TransactSavings,23,,927.9332795419948,1760206113.692103
TransactSavings,99,,-38.58556406045062,1760206113.6921039
Balance,72,,0.0,1760206113.6921039
WriteCheck,64,,50.53527744874024,1760206113.692105
Balance,62,,0.0,1760206113.692106
DepositChecking,99,,65.44236995344085,1760206113.692107
DepositChecking,81,,876.8212939147138,1760206113.692108
WriteCheck,35,,95.29826572243263,1760206113.69211
Balance,3,,0.0,1760206113.69211
SendPayment,62,526,154.64306070776354,1760206113.692112
Balance,3,,0.0,1760206113.692112
WriteCheck,37,,79.04612460127736,1760206113.6921139
SendPayment,456,19,475.9284072307992,1760206113.6921148
TransactSavings,444,,258.2934506985191,1760206113.692116
TransactSavings,74,,-157.45013324613404,1760206113.692117
WriteCheck,771,,178.81440790355924,1760206113.692118
WriteCheck,85,,176.81484170709763,1760206113.6921191
SendPayment,30,280,451.7945008964343,1760206113.692121
SendPayment,47,920,302.234905342448,1760206113.6921222
SendPayment,51,912,359.69296106186863,1760206113.692123
SendPayment,100,128,490.67196527841475,1760206113.6921248
SendPayment,61,531,247.38227503218528,1760206113.692126
TransactSavings,691,,-181.154200958123,1760206113.692127
TransactSavings,13,,991.1386332391949,1760206113.692128
Balance,39,,0.0,1760206113.6921291
DepositChecking,794,,857.1292272752041,1760206113.69213
SendPayment,463,861,194.10060523396788,1760206113.692131
WriteCheck,47,,123.91539600305981,1760206113.6921332
SendPayment,57,377,224.95613229186884,1760206113.692134
DepositChecking,52,,73.56635416207965,1760206113.6921349
TransactSavings,65,,66.01562209026031,1760206113.692136
WriteCheck,100,,66.44607391565464,1760206113.692137
Amalgamate,61,4,0.0,1760206113.692138
SendPayment,10,698,302.49558781085045,1760206113.692139
TransactSavings,634,,-109.31707860227095,1760206113.69214
Amalgamate,61,48,0.0,1760206113.692141
SendPayment,92,20,479.82180209668434,1760206113.6921432
SendPayment,97,549,364.21189871619777,1760206113.6921442
WriteCheck,9,,39.114565726639526,1760206113.6921449
Amalgamate,64,346,0.0,1760206113.6921458
Balance,49,,0.0,1760206113.692147
SendPayment,83,108,460.2889037029365,1760206113.692149
DepositChecking,402,,323.26827988441704,1760206113.69215
TransactSavings,77,,154.81931816978715,1760206113.692151
Amalgamate,46,270,0.0,1760206113.692152
Balance,70,,0.0,1760206113.692153
WriteCheck,84,,161.32963815448872,1760206113.6921542
DepositChecking,75,,906.3926211418702,1760206113.692155
TransactSavings,81,,508.5123828759878,1760206113.6921558
Amalgamate,4,786,0.0,1760206113.692157
TransactSavings,83,,173.50055336168543,1760206113.692158
SendPayment,552,604,371.63946882605705,1760206113.692159
Balance,46,,0.0,1760206113.69216
Balance,558,,0.0,1760206113.692161
TransactSavings,58,,178.0089657003166,1760206113.692162
SendPayment,20,792,17.32182218227116,1760206113.692163
WriteCheck,74,,55.13889646671728,1760206113.6921651
SendPayment,86,448,496.713257266833,1760206113.6921659
SendPayment,52,736,358.2170231476768,1760206113.692168
TransactSavings,149,,-309.41667201484137,1760206113.69217
TransactSavings,41,,95.69272987512011,1760206113.692171
TransactSavings,39,,596.7861779254856,1760206113.692172
SendPayment,30,911,119.02047352367968,1760206113.692173
WriteCheck,72,,87.24785990175155,1760206113.6921742
TransactSavings,47,,322.95909627572246,1760206113.6921751
Balance,9,,0.0,1760206113.6921759
SendPayment,29,454,192.89229701050115,1760206113.6921768
WriteCheck,46,,81.25512364625216,1760206113.692178
TransactSavings,68,,238.20569221230596,1760206113.692179
SendPayment,69,11,364.3794501316926,1760206113.692181
SendPayment,959,456,183.2660973636084,1760206113.692182
Balance,742,,0.0,1760206113.692183
Amalgamate,133,916,0.0,1760206113.692184
Balance,37,,0.0,1760206113.6921852
TransactSavings,70,,253.71948963933312,1760206113.692186
DepositChecking,404,,572.9122770578384,1760206113.6921868
Balance,4,,0.0,1760206113.6921878
DepositChecking,67,,587.0861732433588,1760206113.692189
DepositChecking,31,,969.4711622613486,1760206113.69219
DepositChecking,70,,18.585582952396013,1760206113.692191
Balance,627,,0.0,1760206113.692192
Balance,7,,0.0,1760206113.692192
Balance,19,,0.0,1760206113.692193
WriteCheck,9,,142.79191868343062,1760206113.6921952
SendPayment,81,199,13.232186296234014,1760206113.6921961
Balance,1,,0.0,1760206113.692197
SendPayment,19,992,162.21987366045104,1760206113.6921978
DepositChecking,20,,481.2132379525345,1760206113.692199
DepositChecking,633,,983.0171405893275,1760206113.6922
TransactSavings,96,,579.7569276067879,1760206113.692201
Amalgamate,71,401,0.0,1760206113.692203
SendPayment,34,814,228.80123455950846,1760206113.692205
SendPayment,486,463,99.7396777078115,1760206113.6922061
WriteCheck,42,,38.85756401050393,1760206113.692208
Balance,67,,0.0,1760206113.692208
SendPayment,54,383,128.30460456890836,1760206113.69221
Balance,59,,0.0,1760206113.692211
Balance,19,,0.0,1760206113.692211
TransactSavings,5,,-446.1435881684043,1760206113.692213
Balance,22,,0.0,1760206113.692213
SendPayment,100,469,341.743946246835,1760206113.692215
WriteCheck,172,,188.09555356389225,1760206113.6922162
Amalgamate,4,112,0.0,1760206113.692217
DepositChecking,984,,497.7573756064746,1760206113.692218
DepositChecking,65,,301.4112362052981,1760206113.6922188
DepositChecking,16,,676.7737582520209,1760206113.69222
TransactSavings,72,,-22.6529348394331,1760206113.692221
DepositChecking,99,,543.9491007815105,1760206113.6922219
DepositChecking,73,,194.0360812271617,1760206113.692223
Balance,100,,0.0,1760206113.692224
SendPayment,95,84,61.82254351351274,1760206113.692225
Balance,58,,0.0,1760206113.692226
DepositChecking,61,,349.24876106586856,1760206113.6922271
TransactSavings,76,,846.6086839571976,1760206113.692228
SendPayment,60,576,206.408763450314,1760206113.692229
WriteCheck,32,,120.45160946059119,1760206113.69223
DepositChecking,68,,695.365095194042,1760206113.692231
DepositChecking,22,,273.52226712670443,1760206113.692232
Balance,82,,0.0,1760206113.6922328
SendPayment,89,302,480.09435893015785,1760206113.692234
DepositChecking,13,,880.0089223402837,1760206113.692235
TransactSavings,97,,566.8567866858809,1760206113.692236
Balance,2,,0.0,1760206113.6922371
SendPayment,406,525,282.34857801465625,1760206113.692238
SendPayment,54,987,331.24162457368,1760206113.6922398
Balance,9,,0.0,1760206113.692241
WriteCheck,55,,102.69021828635697,1760206113.692242
SendPayment,59,60,456.1029037493684,1760206113.6922429
WriteCheck,53,,146.89431305506562,1760206113.692244
Balance,13,,0.0,1760206113.692245
DepositChecking,703,,807.3622657183242,1760206113.692246
Balance,389,,0.0,1760206113.6922472
Amalgamate,58,53,0.0,1760206113.692248
WriteCheck,6,,89.23547188377029,1760206113.692249
Balance,94,,0.0,1760206113.69225
SendPayment,83,662,188.88413861579744,1760206113.692251
Amalgamate,43,682,0.0,1760206113.6922529
SendPayment,76,125,247.9091346027605,1760206113.692254
WriteCheck,58,,131.01598484273592,1760206113.692255
Amalgamate,61,651,0.0,1760206113.692256
WriteCheck,15,,111.59955687047056,1760206113.692257
DepositChecking,62,,231.509729115411,1760206113.6922581
Balance,62,,0.0,1760206113.692259
Balance,17,,0.0,1760206113.69226
DepositChecking,35,,635.5000160174626,1760206113.6922612
Balance,88,,0.0,1760206113.692262
Balance,23,,0.0,1760206113.692262
DepositChecking,72,,924.7561087120853,1760206113.692263
WriteCheck,2,,47.969933373848875,1760206113.6922638
DepositChecking,34,,953.2521963872481,1760206113.692265
WriteCheck,74,,163.58014890717067,1760206113.692266
DepositChecking,23,,566.0411133892451,1760206113.692267
SendPayment,505,155,358.2383797827559,1760206113.692269
Balance,44,,0.0,1760206113.69227
Amalgamate,96,488,0.0,1760206113.692271
SendPayment,31,460,47.00710226961569,1760206113.6922722
DepositChecking,849,,275.6850587099296,1760206113.692273
TransactSavings,71,,678.5294908312183,1760206113.6922739
SendPayment,92,59,82.85378813250688,1760206113.692275
Balance,80,,0.0,1760206113.692276
WriteCheck,15,,181.2218696610467,1760206113.692277
Balance,22,,0.0,1760206113.692278
Balance,90,,0.0,1760206113.692279
TransactSavings,61,,-86.14517784056187,1760206113.69228
SendPayment,98,733,427.24476889202583,1760206113.692281
Amalgamate,96,335,0.0,1760206113.6922822
TransactSavings,47,,73.14249148869101,1760206113.6922839
SendPayment,32,25,382.30249863443333,1760206113.6922848
Balance,74,,0.0,1760206113.692286
SendPayment,69,185,219.95160692410315,1760206113.692287
Balance,23,,0.0,1760206113.692288
Balance,17,,0.0,1760206113.692289
DepositChecking,98,,102.67726528830232,1760206113.69229
WriteCheck,68,,129.86981317567933,1760206113.692291
DepositChecking,778,,242.88959070379616,1760206113.6922922
TransactSavings,37,,528.1135101681341,1760206113.6922932
WriteCheck,95,,81.9807145523592,1760206113.692294
SendPayment,74,254,75.1323701502832,1760206113.692296
Amalgamate,4,952,0.0,1760206113.692297
DepositChecking,628,,189.6697465648357,1760206113.692299
TransactSavings,38,,609.7865157133454,1760206113.6923
SendPayment,947,738,330.15148596668075,1760206113.692302
DepositChecking,39,,83.65135919405238,1760206113.6923058
WriteCheck,18,,27.71145384422428,1760206113.692307
Balance,12,,0.0,1760206113.692308
DepositChecking,57,,844.9851961697535,1760206113.69231
DepositChecking,22,,145.18107537147782,1760206113.692311
SendPayment,91,586,469.92844731692315,1760206113.692312
Amalgamate,49,22,0.0,1760206113.6923132
WriteCheck,80,,97.50047469696005,1760206113.6923141
Balance,7,,0.0,1760206113.6923149
SendPayment,23,140,388.1078647517456,1760206113.6923158
SendPayment,17,276,128.5522440540101,1760206113.692318
DepositChecking,59,,474.86813446636626,1760206113.692319
SendPayment,3,984,235.6462731192377,1760206113.69232
SendPayment,65,129,25.70561347508175,1760206113.692321
Balance,32,,0.0,1760206113.692322
DepositChecking,955,,143.24754519497387,1760206113.692323
TransactSavings,92,,66.88561427995398,1760206113.6923242
DepositChecking,77,,860.839532850579,1760206113.692325
DepositChecking,71,,893.1185817681112,1760206113.6923258
DepositChecking,2,,119.15776290934062,1760206113.692327
SendPayment,14,424,417.39416462891177,1760206113.692329
SendPayment,203,734,314.69317714939933,1760206113.692331
SendPayment,63,472,161.4785871206349,1760206113.692332
Amalgamate,97,255,0.0,1760206113.6923342
WriteCheck,19,,117.67521317582685,1760206113.6923351
DepositChecking,52,,233.3992862336216,1760206113.692336
DepositChecking,56,,184.40023537229615,1760206113.6923368
Balance,37,,0.0,1760206113.6923368
TransactSavings,22,,776.109732298766,1760206113.692339
SendPayment,584,923,205.7368974755349,1760206113.69234
SendPayment,14,720,393.88216966774394,1760206113.692342
TransactSavings,26,,-363.47721061371,1760206113.692343
DepositChecking,2,,693.4692050901618,1760206113.692344
TransactSavings,44,,-421.7293616705622,1760206113.6923451
Balance,15,,0.0,1760206113.6923451
SendPayment,67,82,61.38074150080908,1760206113.6923468
DepositChecking,6,,21.251286901724832,1760206113.692348
DepositChecking,756,,994.4839716228391,1760206113.692349
DepositChecking,79,,526.3815189564328,1760206113.69235
WriteCheck,19,,173.40608127552244,1760206113.6923509
WriteCheck,49,,134.1151505118516,1760206113.692352
Amalgamate,32,42,0.0,1760206113.692353
SendPayment,31,894,410.01491619342454,1760206113.692354
SendPayment,66,730,383.98981049663416,1760206113.692356
Amalgamate,384,126,0.0,1760206113.692357
DepositChecking,35,,607.2857089564724,1760206113.6923578
Balance,39,,0.0,1760206113.692359
SendPayment,84,211,210.7489377620284,1760206113.69236
DepositChecking,614,,391.1556690317382,1760206113.6923609
Balance,4,,0.0,1760206113.692362
Balance,87,,0.0,1760206113.692363
SendPayment,38,404,190.8909538904634,1760206113.692364
Balance,93,,0.0,1760206113.6923652
DepositChecking,1,,961.7135133734962,1760206113.6923661
SendPayment,50,230,168.8940450751307,1760206113.692367
SendPayment,56,453,344.2712663842335,1760206113.6923678
WriteCheck,25,,164.60895835641537,1760206113.692369
WriteCheck,56,,103.96545001515629,1760206113.692371
DepositChecking,65,,805.6969620220115,1760206113.692372
WriteCheck,454,,86.80196841400883,1760206113.692373
Balance,99,,0.0,1760206113.692373
Balance,10,,0.0,1760206113.692374
WriteCheck,3,,161.5335114652895,1760206113.692375
TransactSavings,50,,-235.90833429533382,1760206113.6923761
DepositChecking,59,,656.1190723018854,1760206113.692377
Balance,56,,0.0,1760206113.692378
DepositChecking,787,,862.6072837791196,1760206113.692379
Amalgamate,97,553,0.0,1760206113.69238
SendPayment,53,706,107.63415982006251,1760206113.692381
SendPayment,52,720,197.99669127748797,1760206113.692383
WriteCheck,463,,61.577815958647626,1760206113.692384
WriteCheck,54,,22.413314808275274,1760206113.692385
DepositChecking,48,,386.042209736273,1760206113.6923862
TransactSavings,74,,-17.01307358803706,1760206113.692387
SendPayment,795,469,127.63536643472729,1760206113.692388
SendPayment,49,542,111.26676629519388,1760206113.69239
DepositChecking,99,,118.22011845437804,1760206113.692391
Amalgamate,55,716,0.0,1760206113.6923919
TransactSavings,5,,-478.01438716989753,1760206113.692393
Balance,93,,0.0,1760206113.692394
Amalgamate,71,312,0.0,1760206113.692395
Balance,15,,0.0,1760206113.692396
Balance,82,,0.0,1760206113.692397
SendPayment,71,785,104.5579267255842,1760206113.692398
SendPayment,49,106,288.70261203766495,1760206113.692399
Balance,90,,0.0,1760206113.6924002
SendPayment,99,661,464.68318143468593,1760206113.692402
WriteCheck,47,,151.05865161764194,1760206113.6924028
SendPayment,24,742,111.22701703875101,1760206113.692404
TransactSavings,26,,90.6473103228193,1760206113.692405
SendPayment,56,184,267.0888233984235,1760206113.692406
SendPayment,59,659,345.08632683576207,1760206113.692408
DepositChecking,96,,675.9797804139803,1760206113.692409
DepositChecking,67,,992.5644050523913,1760206113.6924102
Balance,17,,0.0,1760206113.6924102
DepositChecking,45,,645.5140726333226,1760206113.692411
SendPayment,35,964,127.60001993919859,1760206113.6924129
Amalgamate,90,950,0.0,1760206113.692414
SendPayment,86,566,324.8694254003361,1760206113.692415
TransactSavings,89,,592.0211923290524,1760206113.692416
TransactSavings,73,,116.79894254369333,1760206113.692417
TransactSavings,43,,696.535556401944,1760206113.692418
DepositChecking,37,,979.8828920345456,1760206113.692419
TransactSavings,77,,108.5068532053939,1760206113.69242
Balance,55,,0.0,1760206113.6924212
SendPayment,97,672,130.60022066598066,1760206113.692422
SendPayment,91,227,478.7240738963317,1760206113.6924229
SendPayment,831,685,410.6505500460167,1760206113.692425
SendPayment,70,409,372.9852867841381,1760206113.692426
DepositChecking,11,,714.3678433697861,1760206113.692427
WriteCheck,95,,61.72215809711487,1760206113.692428
SendPayment,537,786,342.2386663984741,1760206113.69243
DepositChecking,464,,211.82936346797186,1760206113.6924312
SendPayment,33,898,319.0225887858983,1760206113.692432
SendPayment,40,428,238.91230257568665,1760206113.6924329
Balance,76,,0.0,1760206113.6924338
DepositChecking,62,,235.76342183135236,1760206113.692435
SendPayment,47,470,89.50970723922777,1760206113.692436
SendPayment,39,672,137.69254389971854,1760206113.6924381
TransactSavings,67,,-79.4597463823377,1760206113.692439
SendPayment,28,18,70.106827330577,1760206113.69244
Amalgamate,22,914,0.0,1760206113.692441
Balance,35,,0.0,1760206113.6924422
DepositChecking,66,,963.4905349092419,1760206113.692443
DepositChecking,98,,132.69279616675638,1760206113.6924438
Balance,23,,0.0,1760206113.692445
TransactSavings,34,,359.4369266272562,1760206113.692446
Balance,30,,0.0,1760206113.692447
SendPayment,64,24,466.335375961631,1760206113.692448
SendPayment,66,127,364.36418599811816,1760206113.692449
WriteCheck,662,,157.30056191049914,1760206113.692451
TransactSavings,75,,86.00262875939006,1760206113.6924522
Amalgamate,65,142,0.0,1760206113.6924531
TransactSavings,41,,-278.4455499326974,1760206113.6924539
WriteCheck,27,,75.05316589206318,1760206113.6924548
SendPayment,12,300,426.09998850165624,1760206113.692456
DepositChecking,81,,564.2535023654697,1760206113.692457
DepositChecking,14,,406.4779445499066,1760206113.692458
DepositChecking,78,,379.5872124535139,1760206113.692459
Balance,40,,0.0,1760206113.69246
TransactSavings,555,,903.6967215182906,1760206113.692461
WriteCheck,884,,45.89239830633369,1760206113.692462
DepositChecking,631,,355.57170290444327,1760206113.6924632
WriteCheck,86,,166.80352399707135,1760206113.692464
Amalgamate,43,346,0.0,1760206113.6924648
Balance,70,,0.0,1760206113.692466
WriteCheck,21,,82.5759454195478,1760206113.692467
Balance,13,,0.0,1760206113.692468
SendPayment,50,173,273.01717259110353,1760206113.692469
DepositChecking,43,,674.9976228096023,1760206113.69247
SendPayment,61,8,214.91494140894685,1760206113.692472
Balance,83,,0.0,1760206113.692472
Balance,5,,0.0,1760206113.6924732
Amalgamate,59,624,0.0,1760206113.6924741
SendPayment,82,587,279.6331915940024,1760206113.6924758
Balance,55,,0.0,1760206113.6924758
WriteCheck,5,,69.01568445266362,1760206113.692478
TransactSavings,39,,302.5037696915448,1760206113.692479
TransactSavings,42,,-65.97794138406215,1760206113.69248
TransactSavings,64,,362.18305214776854,1760206113.692482
SendPayment,31,984,326.05609267884876,1760206113.6924832
DepositChecking,260,,740.2894006792377,1760206113.6924841
DepositChecking,96,,590.4592741936289,1760206113.692485
DepositChecking,95,,967.8513980242844,1760206113.6924858
WriteCheck,90,,130.4882899350277,1760206113.692487
SendPayment,2,225,276.2067167903046,1760206113.692488
Balance,2,,0.0,1760206113.692493
WriteCheck,13,,20.00326073924909,1760206113.6924942
Balance,41,,0.0,1760206113.692495
SendPayment,72,158,349.9634267559669,1760206113.6924958
DepositChecking,40,,925.7129726371443,1760206113.692497
DepositChecking,574,,554.2220854604723,1760206113.692498
DepositChecking,19,,986.4264221432126,1760206113.692499
TransactSavings,81,,856.9038908850116,1760206113.6924999
DepositChecking,62,,391.40317200961147,1760206113.692501
SendPayment,83,944,451.81859184128166,1760206113.692503
TransactSavings,98,,-156.11807494739924,1760206113.6925042
WriteCheck,44,,47.168629274336745,1760206113.6925051
SendPayment,37,851,310.8695660163619,1760206113.692506
SendPayment,40,83,392.1530300723138,1760206113.6925068
WriteCheck,90,,92.51429320806511,1760206113.692509
SendPayment,32,187,32.25501010616573,1760206113.69251
Amalgamate,512,14,0.0,1760206113.692511
Balance,47,,0.0,1760206113.692512
TransactSavings,27,,931.4896095004947,1760206113.692513
SendPayment,169,723,257.8599704309311,1760206113.692514
WriteCheck,40,,141.33784351887573,1760206113.6925151
Amalgamate,53,349,0.0,1760206113.692517
TransactSavings,27,,152.27052536379335,1760206113.692518
Balance,92,,0.0,1760206113.692518
DepositChecking,444,,899.2094018467195,1760206113.692519
DepositChecking,20,,724.7524840072567,1760206113.69252
Balance,79,,0.0,1760206113.6925209
SendPayment,56,342,490.7864001378003,1760206113.692522
DepositChecking,3,,635.2691974051814,1760206113.692523
SendPayment,5,83,56.031208424195896,1760206113.6925251
WriteCheck,877,,108.24297908694946,1760206113.692526
DepositChecking,68,,449.7516901405198,1760206113.692527
SendPayment,60,45,210.4531973031772,1760206113.692528
TransactSavings,91,,-183.20939424691528,1760206113.692529
DepositChecking,67,,443.8085069373397,1760206113.69253
DepositChecking,100,,329.43186750348656,1760206113.6925309
SendPayment,73,347,196.87270122502304,1760206113.692532
WriteCheck,99,,130.30327696218637,1760206113.692533
Balance,32,,0.0,1760206113.692534
DepositChecking,38,,237.30202095913674,1760206113.692535
TransactSavings,17,,-78.00651713595727,1760206113.692536
DepositChecking,96,,828.5056140675136,1760206113.692537
DepositChecking,66,,220.34612673047386,1760206113.692538
Balance,74,,0.0,1760206113.692539
DepositChecking,53,,84.67957990872827,1760206113.69254
SendPayment,16,21,132.47642842241868,1760206113.692541
SendPayment,42,696,202.4973264607068,1760206113.692543
TransactSavings,59,,363.8147168777424,1760206113.692544
WriteCheck,89,,131.81853882361256,1760206113.692545
DepositChecking,97,,186.06155847465638,1760206113.6925461
TransactSavings,80,,926.8737139232076,1760206113.692547
WriteCheck,682,,58.02272422949615,1760206113.692548
TransactSavings,25,,-417.2047266305634,1760206113.6925492
Balance,26,,0.0,1760206113.69255
Balance,79,,0.0,1760206113.692551
TransactSavings,55,,-217.98668308691032,1760206113.6925519
DepositChecking,44,,646.5052265011991,1760206113.692553
DepositChecking,97,,792.7612438749032,1760206113.692554
DepositChecking,26,,698.4180520119268,1760206113.692554
TransactSavings,2,,-328.0089204915123,1760206113.6925561
SendPayment,39,416,330.9561199886661,1760206113.692557
Balance,632,,0.0,1760206113.692558
SendPayment,92,230,494.33385374295676,1760206113.692559
Balance,84,,0.0,1760206113.69256
Balance,741,,0.0,1760206113.692561
Balance,98,,0.0,1760206113.6925619
WriteCheck,50,,59.144717234328084,1760206113.692563
TransactSavings,70,,376.97556486815745,1760206113.692564
Balance,314,,0.0,1760206113.692565
Balance,61,,0.0,1760206113.692565
Balance,13,,0.0,1760206113.692566
SendPayment,43,668,232.4712367475345,1760206113.692568
Balance,54,,0.0,1760206113.692568
SendPayment,443,302,56.24917868313473,1760206113.6925702
Amalgamate,148,136,0.0,1760206113.692571
DepositChecking,21,,362.67193518623816,1760206113.6925719
SendPayment,43,631,109.53606661344757,1760206113.6925728
Amalgamate,734,251,0.0,1760206113.692574
SendPayment,23,4,154.01707137454986,1760206113.692576
DepositChecking,59,,528.3380384016085,1760206113.6925771
SendPayment,58,458,336.56558079135556,1760206113.692578
SendPayment,74,781,418.4940906930899,1760206113.692579
DepositChecking,79,,481.7696299683582,1760206113.69258
Balance,60,,0.0,1760206113.6925812
WriteCheck,760,,80.65832509668236,1760206113.692582
SendPayment,81,357,67.76165539234952,1760206113.6925828
DepositChecking,7,,556.7680812872819,1760206113.692584
DepositChecking,96,,352.0396938491212,1760206113.692585
DepositChecking,97,,326.98783319965435,1760206113.692586
SendPayment,26,84,224.59306138395175,1760206113.692588
DepositChecking,75,,61.50378352905906,1760206113.692589
Balance,78,,0.0,1760206113.69259
DepositChecking,21,,625.4145455627587,1760206113.6925912
TransactSavings,73,,816.4800091898651,1760206113.6925921
SendPayment,203,156,146.44893168481005,1760206113.6925929
TransactSavings,61,,180.1878617123807,1760206113.6925938
SendPayment,49,512,203.70859897866143,1760206113.692595
DepositChecking,49,,934.7599297390168,1760206113.692596
DepositChecking,35,,550.557789912381,1760206113.692597
DepositChecking,55,,818.9289150376412,1760206113.692598
DepositChecking,85,,867.9356805862033,1760206113.692599
DepositChecking,731,,699.5370823016136,1760206113.6926
WriteCheck,17,,62.609769268940425,1760206113.6926022
Balance,17,,0.0,1760206113.6926022
TransactSavings,4,,-43.00376631627972,1760206113.6926029
WriteCheck,33,,134.33167230090407,1760206113.6926038
SendPayment,79,741,116.17073535053537,1760206113.692606
SendPayment,62,368,101.74320458114211,1760206113.692607
Balance,21,,0.0,1760206113.692608
SendPayment,57,807,139.12945277583418,1760206113.692609
WriteCheck,66,,157.52482248301686,1760206113.692611
DepositChecking,49,,93.69548343818877,1760206113.692611
Balance,47,,0.0,1760206113.6926122
SendPayment,83,90,446.50102560179073,1760206113.6926138
TransactSavings,61,,992.5731035978758,1760206113.6926148
SendPayment,25,586,327.13572212763995,1760206113.692616
DepositChecking,62,,197.35586448777335,1760206113.692617
SendPayment,85,316,181.6435779317719,1760206113.692618
SendPayment,27,652,379.6697283191908,1760206113.69262
WriteCheck,45,,148.37670166953703,1760206113.692621
WriteCheck,50,,103.1273021033254,1760206113.6926222
TransactSavings,100,,893.3722998114699,1760206113.6926231
SendPayment,84,53,455.0192165968301,1760206113.6926239
WriteCheck,14,,80.6247083148965,1760206113.6926248
SendPayment,39,1000,21.532360855774513,1760206113.692626
Amalgamate,95,874,0.0,1760206113.692628
SendPayment,351,988,356.4238734065214,1760206113.692629
TransactSavings,16,,170.61491023081226,1760206113.69263
DepositChecking,756,,280.6542801468451,1760206113.692631
SendPayment,22,507,265.1020883142654,1760206113.692632
Balance,60,,0.0,1760206113.6926332
SendPayment,12,952,194.94221850245373,1760206113.6926348
SendPayment,918,846,31.993617183779953,1760206113.692636
DepositChecking,30,,362.81736211713803,1760206113.692637
Balance,66,,0.0,1760206113.692638
SendPayment,84,981,88.56748167076573,1760206113.6926389
SendPayment,65,30,474.3627436201898,1760206113.69264
Balance,55,,0.0,1760206113.692641
TransactSavings,9,,-14.604462443170632,1760206113.692642
DepositChecking,88,,385.92223595750136,1760206113.6926432
WriteCheck,37,,108.51508924777126,1760206113.6926441
Balance,20,,0.0,1760206113.692645
SendPayment,75,73,169.2834704581947,1760206113.6926458
DepositChecking,36,,666.8529647692786,1760206113.692647
SendPayment,16,424,197.83282529650842,1760206113.692649
Balance,40,,0.0,1760206113.692651
TransactSavings,7,,-173.5795780981174,1760206113.692652
SendPayment,31,24,390.3399895771384,1760206113.692653
Balance,53,,0.0,1760206113.6926541
TransactSavings,11,,202.17644515049972,1760206113.692655
SendPayment,667,520,357.2056689264408,1760206113.692656
WriteCheck,82,,184.09636899876463,1760206113.692657
DepositChecking,97,,317.18129910315577,1760206113.692658
TransactSavings,68,,467.0076487616818,1760206113.692659
TransactSavings,69,,-367.0832346425142,1760206113.6926599
Balance,51,,0.0,1760206113.692661
DepositChecking,40,,473.34095506054797,1760206113.692662
TransactSavings,481,,550.6573553629769,1760206113.692663
WriteCheck,87,,110.57822632592762,1760206113.6926641
Balance,60,,0.0,1760206113.692665
SendPayment,8,177,416.9823041840471,1760206113.692666
DepositChecking,10,,282.02137542368314,1760206113.6926668
SendPayment,31,71,167.373392930628,1760206113.692669
Balance,30,,0.0,1760206113.6926699
DepositChecking,22,,605.1358424476024,1760206113.692671
TransactSavings,87,,-488.9600603491373,1760206113.692672
SendPayment,72,188,474.93709690978216,1760206113.692673
WriteCheck,46,,136.70128957701627,1760206113.6926742
TransactSavings,63,,433.58634994141164,1760206113.692675
WriteCheck,78,,184.1508142151764,1760206113.692676
TransactSavings,98,,265.6117853389219,1760206113.692677
Balance,69,,0.0,1760206113.692678
SendPayment,66,578,125.47253071350303,1760206113.69268
SendPayment,40,400,26.565392990659806,1760206113.692681
SendPayment,17,201,404.40875106162326,1760206113.692683
WriteCheck,62,,64.5280960173354,1760206113.692684
DepositChecking,99,,923.5626592899489,1760206113.6926851
TransactSavings,20,,-265.81827289748395,1760206113.692686
TransactSavings,59,,-402.9193385261438,1760206113.692687
SendPayment,80,367,311.55863546672805,1760206113.692688
SendPayment,72,691,487.99200260462135,1760206113.692689
SendPayment,325,214,311.4230342430758,1760206113.6926908
Balance,100,,0.0,1760206113.692692
Balance,23,,0.0,1760206113.692693
SendPayment,86,948,59.28902337685064,1760206113.692694
WriteCheck,16,,74.72820712481462,1760206113.6926951
TransactSavings,39,,-135.00188464320274,1760206113.692696
SendPayment,88,294,148.11102006655253,1760206113.692697
Balance,38,,0.0,1760206113.692698
SendPayment,422,514,116.45597539856334,1760206113.6927
DepositChecking,23,,67.12802774442693,1760206113.6927009
TransactSavings,50,,297.56462603592126,1760206113.692702
WriteCheck,553,,178.9478646606567,1760206113.692703
DepositChecking,89,,879.4715401936231,1760206113.692704
WriteCheck,16,,79.66608745400035,1760206113.692705
TransactSavings,2,,951.1402035260696,1760206113.692706
Balance,31,,0.0,1760206113.692707
Balance,94,,0.0,1760206113.692708
TransactSavings,90,,245.6656945399127,1760206113.69271
Balance,18,,0.0,1760206113.6927109
TransactSavings,37,,217.1873832120707,1760206113.6927118
Amalgamate,3,518,0.0,1760206113.692713
WriteCheck,16,,185.42757799251928,1760206113.692715
Balance,516,,0.0,1760206113.6927161
DepositChecking,89,,829.7435025181096,1760206113.692717
WriteCheck,14,,65.27539745037654,1760206113.6927192
Balance,5,,0.0,1760206113.6927202
SendPayment,43,414,262.88668187462144,1760206113.692721
TransactSavings,73,,-213.69555701872468,1760206113.6927218
TransactSavings,98,,672.1404567204743,1760206113.692723
DepositChecking,3,,755.9805974575821,1760206113.692724
DepositChecking,100,,907.0823992702632,1760206113.692725
Balance,88,,0.0,1760206113.692726
TransactSavings,40,,439.31638218507715,1760206113.692727
DepositChecking,30,,81.02256042255708,1760206113.692729
Balance,978,,0.0,1760206113.6927302
SendPayment,23,596,111.3787848133582,1760206113.692731
DepositChecking,379,,467.40429754015486,1760206113.6927319
Amalgamate,38,976,0.0,1760206113.6927328
SendPayment,85,886,468.53039773457715,1760206113.692735
Balance,99,,0.0,1760206113.692736
DepositChecking,688,,182.66249632669863,1760206113.692737
TransactSavings,331,,600.203236692786,1760206113.692738
Amalgamate,29,489,0.0,1760206113.692739
SendPayment,96,912,283.05368931119307,1760206113.6927402
Balance,98,,0.0,1760206113.6927412
Balance,83,,0.0,1760206113.6927419
Balance,74,,0.0,1760206113.6927428
SendPayment,939,507,131.57935989743135,1760206113.692744
Balance,69,,0.0,1760206113.692745
SendPayment,54,327,437.69731221062534,1760206113.692746
TransactSavings,482,,59.51521098615285,1760206113.692747
DepositChecking,19,,478.6888904756259,1760206113.692748
Balance,89,,0.0,1760206113.692749
Balance,20,,0.0,1760206113.69275
SendPayment,43,88,263.23267526289794,1760206113.6927512
TransactSavings,93,,-173.98760028026777,1760206113.692752
Balance,22,,0.0,1760206113.6927528
WriteCheck,96,,59.70194160497056,1760206113.692754
WriteCheck,233,,17.499927499709564,1760206113.692757
WriteCheck,6,,59.49865776274779,1760206113.692758
